Town,Latitude,Longitude,Distance
Butner,36.14268005,-78.80261814712836,5.778137044885739
Durham,35.996653,-78.9018053,5.879916958162834
Creedmoor,36.122741,-78.6862272,10.587792880639835
Stem,36.199867,-78.7222261,11.710232006120632
Hillsborough,36.0752088,-79.0992085,13.00370747861145
Chapel Hill,35.9131542,-79.05578,15.483678342659548
Carrboro,35.9099875,-79.0752876,16.403098359477795
Efland,36.0812507,-79.1691812,16.921313348894746
Morrisville,35.824341,-78.8300321,17.54759972147228
Cedar Grove,36.1676389,-79.167793,17.952687345237226
Cary,35.7882893,-78.7812081,20.482533127602675
Wake Forest,35.9803138,-78.5103731,21.05193503435616
Youngsville,36.0247769,-78.4767034,22.141903005061778
Oxford,36.3107004,-78.5908345,22.3044214337836
Mebane,36.0959715,-79.2669619,22.427318752086368
Roxboro,36.3937519,-78.9827881,22.773726431881045
Franklinton,36.1018163,-78.4580543,22.9427053321055
Apex,35.7325352,-78.8505516,23.772664424438968
Raleigh,35.7803977,-78.6390989,24.115902991815933
Rolesville,35.9232862,-78.4573914,25.274159126904216
Kittrell,36.2220919,-78.4377758,25.995373418052008
Green Level,36.1209704,-79.3441861,26.877876534293115
Haw River,36.091526,-79.3641862,27.84909826022528
Swepsonville,36.0212488,-79.3614076,27.954413454482413
Garner,35.7112642,-78.6141709,28.93312250170788
Knightdale,35.7878975,-78.4822938,29.369953284847607
Holly Springs,35.6512655,-78.8336218,29.41729419669045
Alamance,36.0702678,-79.3992505,29.80138137111963
Graham,36.0690258,-79.4005756,29.877245772730195
Pittsboro,35.7201229,-79.1771539,30.143156059910165
Stovall,36.4481986,-78.5702786,30.480812455665003
Henderson,36.3295905,-78.3991638,31.404743246990236
Louisburg,36.0990393,-78.301106,31.6990427615216
Burlington,36.0956918,-79.4377991,31.97595923396277
Franklin,36.1028596,-78.2787229,32.96263920829149
Fuquay-Varina,35.5843849,-78.7998691,34.17666939952182
Sandy Creek,36.286192,-78.310408,34.284340740078065
Holly Ridge,35.585643950000005,-78.75222208442409,34.48830262268584
Wendell,35.780987,-78.3697213,34.55405479412733
Yanceyville,36.4040273,-79.3361314,34.57004362199628
Flat Rock,36.3912564,-78.3677745,35.3064653471141
Bunn,35.958201,-78.25203335173745,35.401672344748604
Zebulon,35.8221621,-78.3132126,35.670141100452064
Elon,36.1029132,-79.5066895,35.84819685937659
Ossipee,36.1720794,-79.5105794,36.59671980334269
Milton,36.5388422,-79.2065976,37.05513829886029
Clayton,35.650711,-78.4563914,37.34794058631231
Middleburg,36.3999837,-78.322989,37.66467074799911
Gibsonville,36.09791955,-79.54583336494393,38.022814939848665
Archer Lodge,35.69421265,-78.37669126610349,38.12109899764416
Whitsett,36.0712466,-79.5644686,39.04720852337566
Angier,35.5071045,-78.7391813,39.94612214803353
Siler City,35.7234734,-79.4622431,41.34841746316235
Middlesex,35.7901316,-78.2042904,42.0924090643234
Sedalia,36.0673577,-79.6205812,42.19224845289235
Liberty,35.8534705,-79.5716903,42.40546568801108
Staley,35.7959711,-79.551412,42.99689452151222
Spring Hope,35.9451536,-78.1119345,43.25763334305453
Broadway,35.4579333,-79.0530768,43.94984850556799
Wilson's Mills,35.5829914,-78.3554751,44.55190377932739
Sanford,35.4798757,-79.1802994,44.78071942547582
Norlina,36.4456097,-78.1982132,45.1644671200793
Castalia,36.0818186,-78.0574884,45.30241639527459
Warrenton,36.400278,-78.156944,45.48694340720441
Momeyer,35.9612646,-78.0569327,46.064295567253104
Bailey,35.7809129,-78.118429,46.67381425112978
Lillington,35.399121,-78.8156001,46.82997378625307
Coats,35.4079393,-78.6719592,47.41639386211508
Reidsville,36.3548586,-79.6644748,48.50378500856749
Smithfield,35.5085531,-78.33936,49.13689762194666
Selma,35.5365485,-78.2844435,49.586372950672136
Four Oaks,35.4455571,-78.4294653,49.99900715877
Ramseur,35.7334711,-79.6525267,50.03190334777064
Sims,35.76074,-78.0594124,50.26365915403918
Pleasant Garden,35.9621197,-79.762131,50.76589250988171
Nashville,35.974598,-77.9655406,50.97372458071741
Benson,35.3814368,-78.5480563,51.19995525628179
Micro,35.5637705,-78.2044405,51.34304904677072
Franklinville,35.7437485,-79.6922501,51.683527197958334
Greensboro,36.0726355,-79.7919754,51.77962699050856
Pine Level,35.5122519,-78.2445838,52.32868071568912
Erwin,35.3268292,-78.676128,52.82558656330608
Kenly,35.5959363,-78.1240031,53.28961466682013
Rockingham,36.3926798,-79.744144,53.616012742226175
Red Oak,36.0385169,-77.9062762,53.844752093542894
Dunn,35.3062743,-78.6089028,55.08714563345436
Wentworth,36.4001371,-79.7744792,55.3715430743781
Randleman,35.8179143,-79.8030873,55.44324117160263
Cameron,35.3268226,-79.255303,56.14787905605717
Lucama,35.6454365,-78.0097099,56.56813296430282
Dortches,36.0112646,-77.8574809,56.70240409571177
Linden,35.2548851,-78.7472447,57.0828870495067
Eden,36.4884715,-79.7667026,57.68658392168832
Princeton,35.4659942,-78.1605497,57.87919581414319
Summerfield,36.2087468,-79.9047583,58.74686311396526
Littleton,36.4348946,-77.9119615,58.75664475867461
Asheboro,35.7079146,-79.8136446,58.89702939331568
Wilson,35.7059114,-77.9175714,59.0872052292822
Carthage,35.345802,-79.4170543,59.15061646331562
Elm City,35.8065455,-77.863315,59.27746581229176
Sharpsburg,35.8671926,-77.8276196,60.01620149485044
Robbins,35.434034,-79.5869735,60.02530134556923
Jamestown,35.9941053,-79.9356589,60.12340080044043
Godwin,35.2176639,-78.6803668,60.173082209079176
Black Creek,35.6352337,-77.9329872,60.62582076673051
Rocky Mount,35.9423833,-77.7956949,60.720613704926365
Vass,35.2562684,-79.2822491,61.22404060819007
Fremont,35.5454378,-77.9747087,62.0790446244858
Falcon,35.1898868,-78.6483498,62.38991715690007
Archdale,35.914581,-79.9719831,62.92129533016942
Spring Lake,35.1679396,-78.9728056,62.961346454242175
Seagrove,35.5408425,-79.7778859,63.120976364936894
Oak Ridge,36.1736211,-79.9892172,63.13029068615274
Stokesdale,36.2372048,-79.9793529,63.17368741236076
Whispering Pines,35.2557123,-79.3722503,63.36403687025748
Wade,35.1629419,-78.7361323,63.4513451304407
Pikeville,35.497105,-77.9819312,63.79805030827848
Newton Grove,35.2454313,-78.3543933,64.17848972669846
Trinity,35.8947375,-79.9909647,64.2295362867122
High Point,35.9556924,-80.0053176,64.31377161555513
Whitakers,36.105534500000005,-77.71278149494381,64.61393196093171
Stoneville,36.4582662,-79.93221213276846,65.02966360215734
Mayodan,36.4123597,-79.9669857,65.64639812696575
Eureka,35.54266,-77.8763717,66.7222221103542
Stantonsburg,35.6068259,-77.8233139,66.95561881230633
Enfield,36.1809865,-77.6666415,67.51514174806712
Eastover,35.099219,-78.78829551256487,67.56095513216033
Kernersville,36.1198589,-80.0736533,67.58877284549145
Saratoga,35.6536691,-77.7756011,67.84439171962745
Halifax,36.2494056,-77.66834,68.05502835965834
Goldsboro,35.3848841,-77.9927651,68.4980422639997
Southern Pines,35.1740471,-79.3922539,68.92343966369363
Taylortown,35.2076564,-79.4858653,69.32678511119681
Thomasville,35.8831786,-80.081817,69.3830651932058
Star,35.4020838,-79.7842049,69.45591331451817
Pinehurst,35.1946235,-79.4679317,69.61043286819732
Fayetteville,35.0525759,-78.878292,70.63413838491446
Macclesfield,35.7521022,-77.6699752,70.76950878798813
Biscoe,35.3600553,-79.7796559,71.25493497975968
Wallburg,36.0101371,-80.1392118,71.39148137800382
Pinetops,35.7884908,-77.6377521,71.735083356262
Leggett,35.9898083,-77.57996,72.32024739815131
Aberdeen,35.131547,-79.4294789,72.47529024832477
Roanoke Rapids,36.4610756,-77.6548026,72.66999571800989
Walnut Cove,36.295415,-80.1417121,72.82590922884316
Candor,35.2951421,-79.7453164,73.12504616077068
Walstonburg,35.5946041,-77.6969203,73.62541792719593
Weldon,36.4214765,-77.61842090482153,73.6568045104485
Foxfire,35.1754312,-79.5714258,73.73400885505897
Stedman,35.0134999,-78.6939063,73.96987246094233
Fountain,35.6740478,-77.6399741,74.2414640889504
Pinebluff,35.1098795,-79.4722589,74.88879528164603
Autryville,34.9979453,-78.6425144,75.46387806263074
Mount Olive,35.1965532,-78.0663788,75.597059634679
Tarboro,35.8968236,-77.5358049,75.6142626354918
Princeville,35.8896014,-77.5321937,75.90043268877757
Salemburg,35.0154469,-78.5030622,76.00716907213456
Troy,35.3584743,-79.8944901,76.10805830379596
Midway,35.9534706,-80.2181043,76.16494429118461
Hope Mills,34.9704419,-78.9453056,76.42104437269923
Denton,35.6334713,-80.1158813,76.48299867745773
Calypso,35.153776,-78.105269,76.74761484733065
Winston-Salem,36.0998131,-80.2440518,77.08461643908304
Walnut Creek,35.3071071,-77.8649817,77.41500132184775
Garysburg,36.450985,-77.5588661,77.4528245435821
Davidson,35.7902384,-80.2115053,77.94506336575456
Faison,35.11647000000001,-78.13665658836999,77.95258193018834
Raeford,34.9809996,-79.2241998,78.20214111507174
Danbury,36.4093047,-80.2058831,78.2147909596596
Norman,35.1705641,-79.7228453,78.91306246546905
Farmville,35.5954381,-77.5852496,79.244385040539
Snow Hill,35.4515504,-77.6810859,79.36980186747411
Lexington,35.8240265,-80.2533838,79.66017091015854
Speed,35.9689505,-77.4436379,80.06190438828148
Roseboro,34.9529475,-78.5086181,80.08682314581998
Falkland,35.6983006,-77.5135397,80.29371207539464
Clinton,34.9979453,-78.3233325,80.45529665234967
Rural Hall,36.2404158,-80.2933838,80.5492701887764
La Grange,35.3068293,-77.7880338,80.63223625196937
Scotland Neck,36.1296002,-77.4202475,81.02272331323071
Conetoe,35.8157136,-77.4558025,81.1355002208815
Parkton,34.9026635,-79.0116971,81.37602578409302
Hoffman,35.032378,-79.5475437,81.5951366395633
Hobgood,36.0295946,-77.3980465,82.30112437111622
Bethania,36.1823602,-80.3381077,82.60857927454016
Lumber Bridge,34.8884971,-79.0722541,82.75612040434739
Tobaccoville,36.2261575,-80.34160419719514,83.09978616405037
Badin,35.4059744,-80.1167203,84.11649018981534
Turkey,34.9923888,-78.183049,84.12490898166857
Seaboard,36.4901519,-77.4413634,84.52051325606995
Hookerton,35.4251622,-77.5883039,84.75495764377627
King,36.275246,-80.36568613272892,84.88884318543958
Clemmons,36.0215258,-80.3819984,84.91675237875839
Bethel,35.8071029,-77.3788558,85.47859213449726
Ellerbe,35.0712608,-79.7614395,85.71440601500547
Vienna,36.1376379,-80.4019988,85.98837336566451
Warsaw,34.9993329,-78.091101,86.2069221656658
Wagram,34.8879397,-79.3661515,86.67922420510627
Lewisville,36.0970819,-80.4192216,86.88378876028416
Bermuda Run,36.0037477,-80.4219996,87.22637174904686
Mount Gilead,35.2148671,-80.0022784,87.26755094942342
Oak City,35.9637687,-77.3080209,87.66124306291756
New London,35.4431965,-80.2192225,87.66213915468161
St. Pauls,34.8070226,-78.9707787,87.75423217600974
Rennert,34.8143301,-79.0808661,87.8874319950141
Richfield,35.4701406,-80.2578343,88.64625538637054
Lenoir,35.2590371,-77.6484879,88.76420839467748
Red Springs,34.815158,-79.1837649,88.81492906301943
Parmele,35.8165476,-77.3141317,88.88479355152262
Lasker,36.3503041,-77.305728,89.2377299379508
Rich Square,36.2737186,-77.2845336,89.48697666889356
Misenheimer,35.4848625,-80.2883904,89.69027296450976
Hassell,35.907936,-77.2785755,89.75380423677576
Greenville,35.613224,-77.3724593,89.77699594159978
Albemarle,35.3501426,-80.2000578,90.16925291303822
Winterville,35.5290511,-77.4010762,90.58115121771426
Roxobel,36.2029338,-77.2452433,91.10523758594184
Kinston,35.2626635,-77.5816353,91.54470954216458
Ayden,35.4726626,-77.4155203,91.57283776280418
Pilot Mountain,36.3401384,-80.4742242,91.62514547267988
Spencer,35.6920144,-80.4347596,91.88543142798837
East Spencer,35.6818059,-80.4322801,91.96373763826446
Norwood,35.2195898,-80.1189477,91.97151775956478
Kelford,36.1796007,-77.2235757,92.18780946563956
Kenansville,34.9623883,-77.9622069,92.22516148317806
Robersonville,35.8251589,-77.2491298,92.3382616247386
East Bend,36.216528,-80.512558,92.52720848130126
Tar Heel,34.7331708,-78.7904075,92.74961729134736
Garland,34.785863,-78.39528950755911,92.9086542399741
Grifton,35.3978455,-77.43257498505285,93.2349703661457
Dobbins Heights,34.9048772,-79.6922771,93.2537663582188
Hamilton,35.9446027,-77.2096844,93.27961843161596
Magnolia,34.8965563,-78.0541545,93.40048928848825
Rockwell,35.5512508,-80.4064485,93.74757499455488
Woodland,36.3315434,-77.2127436,94.0832557814054
Granite Quarry,35.6123617,-80.4467263,94.29248100636036
Salisbury,35.6709727,-80.4742261,94.4387047047586
Hamlet,34.8848533,-79.6942758,94.5108498041734
Pink Hill,35.0551639,-77.7463653,94.59059738526062
Lewiston Woodville,36.1229347,-77.1766291,94.62906462762469
Conway,36.4370974,-77.2288563,94.77918250959424
Simpson,35.5751619,-77.278573,95.65757758204394
Faith,35.587084,-80.4628385,95.75773950999331
Mocksville,35.8940236,-80.5617846,95.80757823854788
Laurinburg,34.7740495,-79.4628248,95.9184356462422
Everetts,35.8348814,-77.1735714,96.37745290935688
Maxton,34.7351615,-79.3489317,96.42927175498448
Cooleemee,35.8104164,-80.5558942,96.4606976783089
Ansonville,35.1045943,-80.1092259,96.89717946456732
Pembroke,34.6801627,-79.1950373,98.06888637639769
Dublin,34.6568361,-78.726407,98.23181361352434
Severn,36.5151521,-77.1896894,98.36354018367112
Rose Hill,34.8282235,-78.0230417,98.37842005639632
Aulander,36.2296005,-77.1141282,98.56945693644464
Lilesville,34.9676535,-79.9845032,99.08259680550547
Mount Pleasant,35.399308,-80.4358963,99.80576910280296
Bear Grass,35.7662709,-77.1274582,99.87267489855634
Dover,35.216274,-77.436907,99.98566368897066
Gibson,34.7590477,-79.6106104,100.08928637860969
Harrells,34.727551000000005,-78.20144638710032,100.33165947300334
Yadkinville,36.1345807,-80.6595079,100.37408180579702
Grimesland,35.5634956,-77.1921806,100.48199165866798
Beulaville,34.9237763,-77.7738667,100.59123415343758
Red Cross,35.2673659,-80.3556188,100.64769349829298
Lumberton,34.6183433,-79.0083993,100.88143813362656
Elizabethtown,34.6293372,-78.6052899,100.894077432463
Oakboro,35.2257007,-80.3289521,101.06125379163474
White Lake,34.640449,-78.4838952,101.3746592671152
Mount Airy,36.4993297,-80.6071609,101.40998831854736
Greenevers,34.8223896,-77.9269273,101.4565178698244
Murfreesboro,36.4423754,-77.0985753,101.90411081571742
Teachey,34.7682241,-78.0080407,102.42357495324022
Wadesboro,34.9681767,-80.07674,102.43867382537536
China Grove,35.569306,-80.5817318,102.45293025239886
Williamston,35.8546039,-77.0555114,102.67712245817764
Boonville,36.2326362,-80.7081209,103.5085799298829
Locust,35.272671450000004,-80.43557136558476,104.22233051441282
Cleveland,35.7331953,-80.6770111,104.26319134560836
Landis,35.5456947,-80.6108998,104.5662896526466
Wallace,34.735724,-77.9952628,104.74383103785534
Raynham,34.5766268,-79.1897486,105.03562998044592
Morven,34.8640437,-80.0011724,105.28697524794912
Polkton,35.0076546,-80.2008947,105.28719570128624
Stanfield,35.2334772,-80.4270094,105.30079366195828
Hertford,36.3560545,-77.0115135,105.43044549111175
Dobson,36.3956891,-80.722567,105.95370998376386
Bladenboro,34.5386768,-78.7875887,106.15042950925069
Ahoskie,36.2868223,-76.9846808,106.1957577911658
McDonald,34.5541552,-79.175405,106.42610016471586
Cove City,35.1873837,-77.3207917,106.46328324059722
Chocowinity,35.5125955,-77.1009232,106.55347441083276
Kannapolis,35.4874708,-80.621438,106.61917885062844
Concord,35.4094178,-80.5800049,106.7223617050884
Harmony,35.9556911,-80.7717346,107.02299532823284
McFarlan,34.8123776,-79.9758956,107.31194527179288
Windsor,35.9984925,-76.9460641,107.6978443177157
Como,36.5015414,-77.0094074,107.73351464014398
Askewville,36.1098801,-76.9399544,107.85126260805198
Peachland,34.993766,-80.2645069,108.53655941787171
Powellsville,36.225712,-76.9330114,108.6210167391824
Rowland,34.5365518,-79.2914306,108.87799072615137
Midland,35.2273656,-80.5006219,109.00634011130754
Washington Park,35.532663,-77.0324509,109.64929403824064
Fairmont,34.4968311,-79.114202,109.83332764241536
Vanceboro,35.3084953,-77.1541195,109.93865669943852
Richlands,34.8993298,-77.5466343,110.15344112162973
Trenton,35.0636588,-77.3534758,110.21714460405023
Clarkton,34.4873922,-78.6561257,110.2364646872102
Winton,36.3957098,-76.9319035,110.29149847112777
Laurel Park,35.4067274,-80.65240472148403,110.48642994107796
Proctorville,34.4766061,-79.0363154,110.74918886326608
Cofield,36.3565436,-76.9099577,111.01934808724886
Jonesville,36.2393013,-80.8445152,111.13714823815845
Orrum,34.4658861,-79.0090289,111.36349936152348
Watha,34.6404453,-77.9608196,111.47711971735583
Elkin,36.2440516,-80.8507344,111.5131069836249
Jamesville,35.8112719,-76.896616,111.97048709412844
Harrisburg,35.3258295,-80.6454979,112.63273169167624
Boardman,34.4390555,-78.949195,113.01849057365872
Marshville,34.988486,-80.3670085,113.0409063814452
Atkinson,34.5285008,-78.171107,113.76754773319284
Mooresville,35.5848596,-80.8100724,114.25248275196114
Unionville,35.0873694,-80.5089552,114.92360963978244
Statesville,35.7826363,-80.8872959,115.09570472016809
Troutman,35.7005832,-80.8882314,116.3349579433424
Ronda,36.218467,-80.9411859,116.402027458366
Wingate,34.9843176,-80.4492319,116.73330441624388
Harrellsville,36.3026868,-76.7924773,116.97650173292725
Colerain,36.201268,-76.7685616,117.6618909524252
Burgaw,34.5521113,-77.926098,117.80429114754504
Mint Hill,35.1735388,-80.6570377,118.46183611110789
Pollocksville,35.0059914,-77.2210654,118.54233907950037
Beaufort,35.469331,-76.8927522,118.56472189094973
Marietta,34.3690764,-79.1221944,118.62845944991886
Love Valley,35.9898553,-80.988132,118.94228132690448
Cornelius,35.481705,-80.8590006,119.20518497592172
River Bend,35.0690481,-77.146896,119.22443555408104
Plymouth,35.8668281,-76.7485555,119.60127721805544
Hemby Bridge,35.109955,-80.63993746711799,120.0553221325828
St. Helena,34.5177355,-77.91838104660317,120.12252410928966
Huntersville,35.4108278,-80.8429304,120.18530312778653
Whiteville,34.3387802,-78.7030721,120.1923185886141
Gatesville,36.4085245,-76.75316166000877,120.24666998308234
Lake Park,35.0859691,-80.6355536,120.78995180740834
East Arcadia,34.382113,-78.3233353,120.82433641213343
Chadbourn,34.3221129,-78.8269664,121.00438509292378
Cerro Gordo,34.3221121,-78.9264156,121.03022073677674
Monroe,34.9854275,-80.5495112,121.05663476785404
Stallings,35.1083615,-80.66355902160382,121.22496792829575
Trent Woods,35.0821039,-77.0863383,121.4949535140194
Sandyfield,34.3765573,-78.2969455,121.58220087563632
Fair Bluff,34.3134996,-79.0372544,121.95855099639736
New Bern,35.1084931,-77.0441143,122.4495642569733
Maysville,34.9048814,-77.2313436,122.61196537296269
Jacksonville,34.7494749,-77.4208221,122.62350557073808
Bath,35.4771094,-76.8116045,122.65296119500609
Indian Trail,35.0768141,-80.6692352,122.71707298226998
Lake Waccamaw,34.3190578,-78.5000088,122.95884928169612
Bridgeton,35.1215489,-77.02078,123.06180857251496
Matthews,35.1159532,-80.7224386,123.72008638426118
Bolton,34.3207243,-78.4019497,123.9038721010836
Columbus,34.2814497,-78.666593,124.3040542182116
Charlotte,35.2272086,-80.8430827,125.68872157157809
Wesley Chapel,35.0070935,-80.6745131,125.75682436438032
Edenton,36.057938,-76.6077213,126.46635428565403
Washington,35.8725573,-76.6215245,126.62161665376452
Roper,35.8779766,-76.6151847,126.92945949553184
North Wilkesboro,36.1584651,-81.1475841,127.70619940033365
Northwest,34.3129464,-78.1611077,128.00423459062287
Pantego,35.5890535,-76.6621569,128.2684692088705
Mineral Springs,34.9379274,-80.6686791,128.38552849594709
Wilkesboro,36.145965,-81.1606401,128.41122517311354
Aurora,35.3054322,-76.7886736,128.418053645075
Weddington,35.0223708,-80.7609035,129.12615821518258
Sparta,36.5055712,-81.1207497,129.22564258186054
Taylorsville,35.9219402,-81.1763421,129.82631666268074
Claremont,35.7145776,-81.1461917,130.28212861028936
Arlington,35.2693066,-80.9725736,130.88963080221305
Grantsboro,35.1406429,-76.84246,130.98645614921395
Belhaven,35.5401653,-76.6229874,131.3386530509861
Mount Holly,35.2976298,-81.0161686,132.2885707872495
Waxhaw,34.9248125,-80.7440174,132.31812997365276
Pineville,35.0855409,-80.8871253,132.73026700356246
Alliance,35.1448881,-76.8021556,132.8208783009213
Marvin,34.999286999999995,-80.82109985552725,132.8389922012059
Tabor City,34.1487804,-78.8766916,132.93168022320322
Surf City,34.46505775,-77.57412315290213,133.007023300161
Conover,35.7065004,-81.2184383,134.3730766990915
Catawba,35.6740563,-81.2107215,134.4188391195174
Bayboro,35.1429445,-76.7702093,134.4629078912665
Navassa,34.2554474,-78.0074906,134.67073829519538
Winfall,36.2190463,-76.46383,134.73219075296734
Stanley,35.3590256,-81.0970214,134.80115834198068
Belmont,35.2438272,-81.0377322,134.9713132043393
Newton,35.6630887,-81.2219363,135.20104123420754
Stonewall,35.1373893,-76.7477081,135.76214733143115
Arapahoe,35.0261537,-76.8255535,135.92384793657584
North Topsail Beach,34.4901665,-77.43163,136.1963456679248
Maiden,35.5766048,-81.2139216,136.21796158829318
Leland,34.2203056,-78.0335992,136.41765608369164
McAdenville,35.2593056,-81.0753535,136.434363408913
Peletier,34.730404,-77.0844229,136.89419299109517
Spencer Mountain,35.306903500000004,-81.11239437290715,136.99563391764224
Cramerton,35.2387504,-81.0750757,137.02615711998453
Topsail Beach,34.3651685,-77.6305293,137.18085780945245
Belville,34.22003155,-77.99384313753623,137.22992962469414
Swansboro,34.6896728,-77.1232174,137.25266616683516
Lowell,35.2679163,-81.1028542,137.59675469593176
Wilmington,34.2257282,-77.9447107,137.8919864910145
Havelock,34.8785,-76.9014457,138.24223800283943
Vandemere,35.1840563,-76.6635394,138.45263783498226
Ranlo,35.2862489,-81.130355,138.49665675319392
Minnesott Beach,34.9687716,-76.8116033,138.7622419433818
Mesic,35.2004454,-76.6438169,138.94118949422543
High Shoals,35.4026352,-81.2023016,139.25744023925282
Creswell,35.8697755,-76.39322567150396,139.36485214205334
Cedar Point,34.6876305,-77.0730745,139.39440346778449
Cape Carteret,34.6915509,-77.0630033,139.62121003056146
Dallas,35.3160401,-81.1764865,140.0812646159941
Bogue,34.6993286,-77.0368913,140.33294168055184
Lincolnton,35.473745,-81.2545251,140.44226019694003
Hickory,35.7333312,-81.3442915,140.96489332515773
Gaston,35.2849659,-81.179014,141.05174929394929
Brookford,35.7031879,-81.3478641,141.55200978593749
Emerald Isle,34.6653135,-77.0382187,141.8914314647131
Gastonia,35.2622654,-81.1838186,141.9299203515256
Oriental,35.0312553,-76.6926676,142.13175478514017
Wrightsville Beach,34.2079917,-77.7955907,142.41231178163488
Long View,35.7218779,-81.38553835728578,143.3886671170759
Brunswick,34.0718195,-78.1914215,143.43623874837826
Newport,34.7865497,-76.8591057,144.04128710239735
Bolivia,34.0676715,-78.1483283,144.3816199015793
Granite Falls,35.7965205,-81.4306458,145.04034163079052
Rhodhiss,35.767472999999995,-81.4318466318295,145.4135205674262
Hildebran,35.7140208,-81.4220334,145.50522506194187
Bessemer City,35.284733,-81.283906,146.5152176222162
Indian Beach,34.6865508,-76.8952181,146.90001047969616
Columbia,35.9176633,-76.2521521,146.90319133190334
Sawmills,35.8245638,-81.4741107,147.1890522508363
Jefferson,36.420403,-81.4734376,147.47930773616426
Shallotte,33.9732275,-78.3858371,147.57289602652128
Boiling Spring Lakes,34.0313504,-78.0672677,148.12809565445494
Hudson,35.8484645,-81.4959267,148.19712434269027
West Jefferson,36.4037364,-81.4928829,148.3878784186987
Elizabeth City,36.2956836,-76.2247697,148.43848897364444
Cherryville,35.3787442,-81.3789739,149.19732728847418
Connelly Springs,35.7399645,-81.5029788,149.66820847466693
Pine Knoll Shores,34.6973838,-76.8132697,149.9550596554585
Lansing,36.4993936,-81.5109852,150.4342835269842
Kings Mountain,35.2450607,-81.3410516,150.55481882041104
Cajah's Mountain,35.847194,-81.53906535274834,150.61176893147024
Rutherford College,35.7501398,-81.5247859,150.76064554259048
Carolina Shores,33.9010054,-78.5805673,150.88486846354314
Carolina Beach,34.0351727,-77.8935966,151.18428763598325
Calabash,33.8907278,-78.5683446,151.6650955639894
Varnamtown,33.9357283,-78.2486091,151.7222583770336
Waco,35.36172,-81.428486,152.2248451570417
Ocean Isle Beach,33.8943393,-78.426672,152.5257293725037
Holden Beach,33.9135061,-78.3038892,152.52678846262393
Morehead City,34.7229391,-76.7260436,152.6952365692137
Sunset Beach,33.880728,-78.512231,152.73677919882945
Valdese,35.7431562,-81.5633738,152.97896895206634
Atlantic Beach,34.6990505,-76.7402108,153.0934112051308
Kure Beach,33.9968399,-77.9072081,153.37633909114706
Gamewell,35.8692971,-81.5962082,153.62625542487763
St. James,33.9293402,-78.1163822,154.0521157715992
Camden,36.3106247,-76.1150606,154.62873158590642
Fallston,35.4284117,-81.5014757,154.66273038144246
Belwood,35.477076,-81.523424,154.87086361767933
Drexel,35.7579081,-81.6042614,155.08470816691698
Southport,33.921563,-78.0202677,156.15702772526072
Oak Island,33.9046184,-78.0827699,156.2241712159366
Boone,36.2165362,-81.6746158,157.29959831032167
Caswell Beach,33.8960076,-78.051102,157.3128410402695
Blowing Rock,36.1350245,-81.6777907,157.31508275216126
Grover,35.1745756,-81.4498097,158.13609124023907
Lawndale,35.4140187,-81.5631474,158.28013615490494
Casar,35.5123517,-81.6173159,159.315431078189
Shelby,35.2923513,-81.5356463,159.55494853649049
Morganton,35.7454291,-81.6870837,159.8166338828742
Patterson Springs,35.235407,-81.5145344,159.87040424071188
Bald Head Island,33.8598511,-77.9895326,160.74635277428885
Zionville,36.3348472,-81.7431667,161.6970563471674
Earl,35.1934623,-81.5331467,161.9482272538088
Kingstown,35.3512389,-81.612316,162.267280683615
Polkville,35.4176278,-81.6428725,162.5016164608037
Seven Devils,36.1559724,-81.7996604,164.1505555110361
Glen Alpine,35.7290168,-81.7792661,165.11214310521876
Lattimore,35.3181818,-81.6606513,165.59092410507253
Grandfather,36.0990163,-81.8476114,166.80968490338358
Boiling Springs,35.254292,-81.6670407,167.43143380560818
Mooresboro,35.2987362,-81.6989863,168.07890693675395
Banner Elk,36.1631818,-81.8715019,168.17605733227356
Sugar Mountain,36.124571,-81.8756682,168.37735141428763
Ellenboro,35.3287949,-81.7587106,170.5984708905023
Newland,36.0873484,-81.9273363,171.27803866742445
Crossnore,36.0217938,-81.9295579,171.51437150403083
Bostic,35.362623,-81.835657,174.019409481285
Duck,36.1700137,-75.7559261,174.13038373523912
Elk Park,36.1573464,-81.9781722,174.13205624681996
Southern Shores,36.1390533,-75.7315719,175.46108569681675
Forest City,35.3340108,-81.8651028,176.19970500315762
Kitty Hawk,36.0664318,-75.6935448,177.6195624603521
Marion,35.6841022,-82.0091028,178.36908479665502
Kill Devil Hills,36.0321186,-75.6776147,178.5752678797966
Spindale,35.3601212,-81.929271,179.1229854634559
Manteo,35.9082257,-75.6757303,179.1722403808664
Spruce Pine,35.9147787,-82.066411,179.60341731493776
Ruth,35.3820659,-81.9470489,179.65170357292246
Rutherfordton,35.3692877,-81.9567716,180.42798947616765
Wanchese,35.8426729,-75.6385055,181.6739865888796
Nags Head,35.9573923,-75.624062,181.8192540571633
Bakersville,36.0156735,-82.1587351,184.3577100900153
Old Fort,35.6290093,-82.1806697,188.53666811301488
Burnsville,35.9172243,-82.2996695,192.63417334269127
Lake Lure,35.4278969,-82.2048343,192.8453715403517
Montreat,35.6442841,-82.3028972,195.1246223264069
Chimney Rock,35.4327295,-82.2503096,195.25015452878816
Walkertown,35.6534497,-82.3390098,197.0217604065726
Black Mountain,35.612202499999995,-82.33168739828443,197.10741282236253
Beech Mountain,36.0162211,-82.4062455,198.20936281521315
Tryon,35.2081695,-82.2384479,198.95918711967363
Fairview,35.52218955,-82.39268284316401,201.6803660043742
Saluda,35.2382805,-82.34565685952055,204.0869416166541
Mars Hill,35.8263793,-82.5486848,207.10842109973063
Hendersonville,35.3187279,-82.4609528,208.7609217438948
Weaverville,35.6967238,-82.5603625,208.8617315234627
Biltmore Forest,35.5337246,-82.5284561,209.0129538243542
Fletcher,35.4306712,-82.5012316,209.0366092188013
Asheville,35.6009498,-82.5540161,209.56386917835516
Woodfin,35.633444,-82.5820725,210.74072419047616
Mills River,35.3963951,-82.5734951,213.5555371389029
Marshall,35.7974807,-82.6839313,214.87161937213995
Madison,35.8482034,-82.6931063,215.0308934907681
Cedar Rock,35.1798384,-82.6340135,220.8599767872348
Seven Springs,35.2462256,-82.6834572,222.2243488485038
Hot Springs,35.8923253,-82.8290318,222.3718684704452
Brevard,35.2334472,-82.7342919,225.2309459750273
Canton,35.5328838,-82.8373558,226.10932040591507
Clyde,35.5334379,-82.910691,230.1640534502096
Rosman,35.1436895,-82.8220186,231.76275845092147
Waynesville,35.4887476,-82.9888725,235.07204906707975
Maggie Valley,35.5181575,-83.0976419,240.7159426969029
Jackson,35.2962391,-83.1388055,246.21139469476836
Forest Hills,35.297322,-83.1934785,249.1945396055146
Sylva,35.3737111,-83.2259803,249.7905035947825
Webster,35.346211,-83.2193132,249.83932012856656
Dillsboro,35.3700615,-83.2506638,251.2057378745572
Highlands,35.0525909,-83.1968173,253.9040444189356
Bryson City,35.4309291,-83.447381,261.2168684458449
Macon,35.1436639,-83.3977297,263.04677579384054
Robbinsville,35.3227597,-83.8069988,282.6066343715076
Lake Santeetlah,35.364846,-83.8620868,285.0650778369168
Andrews,35.2017495,-83.8240676,285.4018573948801
Hayesville,35.0462349,-83.817935,287.78398665853643
Murphy,35.0875836,-84.0346315,298.8886767569605
