Town,Latitude,Longitude,Distance,Manhattan_Distance
Butner,36.14268005,-78.80261815,5.778137045,0.129871403
Durham,35.996653,-78.9018053,5.879916958,0.1153428
Creedmoor,36.122741,-78.6862272,10.58779288,0.2263233
Stem,36.199867,-78.7222261,11.71023201,0.2674504
Hillsborough,36.0752088,-79.0992085,13.00370748,0.2341902
Chapel Hill,35.9131542,-79.05578,15.48367834,0.3528163
Carrboro,35.9099875,-79.0752876,16.40309836,0.3754906
Efland,36.0812507,-79.1691812,16.92131335,0.3064586
Morrisville,35.824341,-78.8300321,17.54759972,0.2896002
Cedar Grove,36.1676389,-79.167793,17.95268735,0.3914586
Cary,35.7882893,-78.7812081,20.48253313,0.3744759
Wake Forest,35.9803138,-78.5103731,21.05193503,0.4532864
Youngsville,36.0247769,-78.4767034,22.14190301,0.442493
Oxford,36.3107004,-78.5908345,22.30442143,0.5096754
Mebane,36.0959715,-79.2669619,22.42731875,0.4189601
Roxboro,36.3937519,-78.9827881,22.77372643,0.4325667
Franklinton,36.1018163,-78.4580543,22.94270533,0.4335715
Apex,35.7325352,-78.8505516,23.77266442,0.3608865
Raleigh,35.7803977,-78.6390989,24.11590299,0.5244767
Rolesville,35.9232862,-78.4573914,25.27415913,0.5632957
Kittrell,36.2220919,-78.4377758,25.99537342,0.5741256
Green Level,36.1209704,-79.3441861,26.87787653,0.5211832
Haw River,36.091526,-79.3641862,27.84909826,0.5117389
Swepsonville,36.0212488,-79.3614076,27.95441345,0.5503493
Garner,35.7112642,-78.6141709,28.9331225,0.6185382
Knightdale,35.7878975,-78.4822938,29.36995328,0.673782
Holly Springs,35.6512655,-78.8336218,29.4172942,0.459086
Alamance,36.0702678,-79.3992505,29.80138137,0.5391732
Graham,36.0690258,-79.4005756,29.87724577,0.5417403
Pittsboro,35.7201229,-79.1771539,30.14315606,0.6672215
Stovall,36.4481986,-78.5702786,30.48081246,0.6677295
Henderson,36.3295905,-78.3991638,31.40474325,0.7202362
Louisburg,36.0990393,-78.301106,31.69904276,0.5877428
Burlington,36.0956918,-79.4377991,31.97595923,0.5895176
Franklin,36.1028596,-78.2787229,32.96263921,0.6139462
Fuquay-Varina,35.5843849,-78.7998691,34.1766694,0.5597193
Sandy Creek,36.286192,-78.310408,34.28434074,0.7655935
Holly Ridge,35.58564395,-78.75222208,34.48830262,0.606107266
Wendell,35.780987,-78.3697213,34.55405479,0.793265
Yanceyville,36.4040273,-79.3361314,34.57004362,0.7961854
Flat Rock,36.3912564,-78.3677745,35.30646535,0.8132914
Bunn,35.958201,-78.25203335,35.40167234,0.733738948
Zebulon,35.8221621,-78.3132126,35.6701411,0.8085986
Elon,36.1029132,-79.5066895,35.84819686,0.6656294
Ossipee,36.1720794,-79.5105794,36.5967198,0.7386855
Milton,36.5388422,-79.2065976,37.0551383,0.8014665
Clayton,35.650711,-78.4563914,37.34794059,0.8368709
Middleburg,36.3999837,-78.322989,37.66467075,0.8668042
Gibsonville,36.09791955,-79.54583336,38.02281494,0.699779615
Archer Lodge,35.69421265,-78.37669127,38.121099,0.873069384
Whitsett,36.0712466,-79.5644686,39.04720852,0.7034125
Angier,35.5071045,-78.7391813,39.94612215,0.6976875
Siler City,35.7234734,-79.4622431,41.34841746,0.9489602
Middlesex,35.7901316,-78.2042904,42.09240906,0.9495513
Sedalia,36.0673577,-79.6205812,42.19224845,0.763414
Liberty,35.8534705,-79.5716903,42.40546569,0.9284103
Staley,35.7959711,-79.551412,42.99689452,0.9656314
Spring Hope,35.9451536,-78.1119345,43.25763334,0.8868852
Broadway,35.4579333,-79.0530768,43.94984851,0.805334
Wilson's Mills,35.5829914,-78.3554751,44.55190378,1.0055068
Sanford,35.4798757,-79.1802994,44.78071943,0.9106142
Norlina,36.4456097,-78.1982132,45.16446712,1.037206
Castalia,36.0818186,-78.0574884,45.3024164,0.8141397
Warrenton,36.400278,-78.156944,45.48694341,1.0331435
Momeyer,35.9612646,-78.0569327,46.06429557,0.925776
Bailey,35.7809129,-78.118429,46.67381425,1.0446314
Lillington,35.399121,-78.8156001,46.82997379,0.7292522
Coats,35.4079393,-78.6719592,47.41639386,0.8640748
Reidsville,36.3548586,-79.6644748,48.50378501,1.0753601
Smithfield,35.5085531,-78.33936,49.13689762,1.0960602
Selma,35.5365485,-78.2844435,49.58637295,1.1229813
Four Oaks,35.4455571,-78.4294653,49.99900716,1.0689509
Ramseur,35.7334711,-79.6525267,50.03190335,1.1292461
Sims,35.76074,-78.0594124,50.26365915,1.1238209
Pleasant Garden,35.9621197,-79.762131,50.76589251,1.0102018
Nashville,35.974598,-77.9655406,50.97372458,1.0038347
Benson,35.3814368,-78.5480563,51.19995526,1.0144802
Micro,35.5637705,-78.2044405,51.34304905,1.1757623
Franklinville,35.7437485,-79.6922501,51.6835272,1.1586921
Greensboro,36.0726355,-79.7919754,51.77962699,0.9295304
Pine Level,35.5122519,-78.2445838,52.32868072,1.1871376
Erwin,35.3268292,-78.676128,52.82558656,0.9410161
Kenly,35.5959363,-78.1240031,53.28961467,1.2240339
Rockingham,36.3926798,-79.744144,53.61601274,1.1928505
Red Oak,36.0385169,-77.9062762,53.84475209,0.9991802
Dunn,35.3062743,-78.6089028,55.08714563,1.0287962
Wentworth,36.4001371,-79.7744792,55.37154307,1.230643
Randleman,35.8179143,-79.8030873,55.44324117,1.1953635
Cameron,35.3268226,-79.255303,56.14787906,1.1386709
Lucama,35.6454365,-78.0097099,56.56813296,1.2888269
Dortches,36.0112646,-77.8574809,56.7024041,1.0752278
Linden,35.2548851,-78.7472447,57.08288705,0.9418435
Eden,36.4884715,-79.7667026,57.68658392,1.3112008
Princeton,35.4659942,-78.1605497,57.87919581,1.3174294
Summerfield,36.2087468,-79.9047583,58.74686311,1.1695318
Littleton,36.4348946,-77.9119615,58.75664476,1.3127426
Asheboro,35.7079146,-79.8136446,58.89702939,1.3159205
Wilson,35.7059114,-77.9175714,59.08720523,1.3204905
Carthage,35.345802,-79.4170543,59.15061646,1.2814428
Elm City,35.8065455,-77.863315,59.27746581,1.2741128
Sharpsburg,35.8671926,-77.8276196,60.01620149,1.2491611
Robbins,35.434034,-79.5869735,60.02530135,1.36313
Jamestown,35.9941053,-79.9356589,60.1234008,1.1517441
Godwin,35.2176639,-78.6803668,60.17308221,1.0459426
Black Creek,35.6352337,-77.9329872,60.62582077,1.3757524
Rocky Mount,35.9423833,-77.7956949,60.7206137,1.2058951
Vass,35.2562684,-79.2822491,61.22404061,1.2361712
Fremont,35.5454378,-77.9747087,62.07904462,1.4238268
Falcon,35.1898868,-78.6483498,62.38991716,1.1057367
Archdale,35.914581,-79.9719831,62.92129533,1.2675926
Spring Lake,35.1679396,-78.9728056,62.96134645,1.0150565
Seagrove,35.5408425,-79.7778859,63.12097636,1.4472339
Oak Ridge,36.1736211,-79.9892172,63.13029069,1.218865
Stokesdale,36.2372048,-79.9793529,63.17368741,1.2725844
Whispering Pines,35.2557123,-79.3722503,63.36403687,1.3267285
Wade,35.1629419,-78.7361323,63.45134513,1.0448991
Pikeville,35.497105,-77.9819312,63.79805031,1.4649371
Newton Grove,35.2454313,-78.3543933,64.17848973,1.3441487
Trinity,35.8947375,-79.9909647,64.22953629,1.3064177
High Point,35.9556924,-80.0053176,64.31377162,1.2598157
Whitakers,36.1055345,-77.71278149,64.61393196,1.182562505
Stoneville,36.4582662,-79.93221213,65.0296636,1.446505033
Mayodan,36.4123597,-79.9669857,65.64639813,1.4353721
Eureka,35.54266,-77.8763717,66.72222211,1.5249416
Stantonsburg,35.6068259,-77.8233139,66.95561881,1.5138335
Enfield,36.1809865,-77.6666415,67.51514175,1.3041545
Eastover,35.099219,-78.78829551,67.56095513,1.056458787
Kernersville,36.1198589,-80.0736533,67.58877285,1.2495389
Saratoga,35.6536691,-77.7756011,67.84439172,1.5147031
Halifax,36.2494056,-77.66834,68.05502836,1.3708751
Goldsboro,35.3848841,-77.9927651,68.49804226,1.5663241
Southern Pines,35.1740471,-79.3922539,68.92343966,1.4283973
Taylortown,35.2076564,-79.4858653,69.32678511,1.4883994
Thomasville,35.8831786,-80.081817,69.38306519,1.4088289
Star,35.4020838,-79.7842049,69.45591331,1.5923116
Pinehurst,35.1946235,-79.4679317,69.61043287,1.4834987
Fayetteville,35.0525759,-78.878292,70.63413838,1.0359066
Macclesfield,35.7521022,-77.6699752,70.76950879,1.5218959
Biscoe,35.3600553,-79.7796559,71.25493498,1.6297911
Wallburg,36.0101371,-80.1392118,71.39148138,1.3392652
Pinetops,35.7884908,-77.6377521,71.73508336,1.5177304
Leggett,35.9898083,-77.57996,72.3202474,1.374205
Aberdeen,35.131547,-79.4294789,72.47529025,1.5081224
Roanoke Rapids,36.4610756,-77.6548026,72.66999572,1.5960825
Walnut Cove,36.295415,-80.1417121,72.82590923,1.4931538
Candor,35.2951421,-79.7453164,73.12504616,1.6603648
Walstonburg,35.5946041,-77.6969203,73.62541793,1.6524489
Weldon,36.4214765,-77.6184209,73.65680451,1.592865095
Foxfire,35.1754312,-79.5714258,73.73400886,1.6061851
Stedman,35.0134999,-78.6939063,73.96987246,1.2365671
Fountain,35.6740478,-77.6399741,74.24146409,1.6299514
Pinebluff,35.1098795,-79.4722589,74.88879528,1.5725699
Autryville,34.9979453,-78.6425144,75.46387806,1.3035136
Mount Olive,35.1965532,-78.0663788,75.59705963,1.6810413
Tarboro,35.8968236,-77.5358049,75.61426264,1.5113448
Princeville,35.8896014,-77.5321937,75.90043269,1.5221782
Salemburg,35.0154469,-78.5030622,76.00716907,1.4254642
Troy,35.3584743,-79.8944901,76.1080583,1.7462063
Midway,35.9534706,-80.2181043,76.16494429,1.4748242
Hope Mills,34.9704419,-78.9453056,76.42104437,1.1850542
Denton,35.6334713,-80.1158813,76.48299868,1.6926005
Calypso,35.153776,-78.105269,76.74761485,1.6849283
Winston-Salem,36.0998131,-80.2440518,77.08461644,1.3998916
Walnut Creek,35.3071071,-77.8649817,77.41500132,1.7718845
Garysburg,36.450985,-77.5588661,77.45282454,1.6819284
Davidson,35.7902384,-80.2115053,77.94506337,1.6314574
Faison,35.11647,-78.13665659,77.95258193,1.690846712
Raeford,34.9809996,-79.2241998,78.20214112,1.4533907
Danbury,36.4093047,-80.2058831,78.21479096,1.6712145
Norman,35.1705641,-79.7228453,78.91306247,1.7624717
Farmville,35.5954381,-77.5852496,79.24438504,1.7632856
Snow Hill,35.4515504,-77.6810859,79.36980187,1.811337
Lexington,35.8240265,-80.2533838,79.66017091,1.6395478
Speed,35.9689505,-77.4436379,80.06190439,1.5313849
Roseboro,34.9529475,-78.5086181,80.08682315,1.4824077
Falkland,35.6983006,-77.5135397,80.29371208,1.732133
Clinton,34.9979453,-78.3233325,80.45529665,1.6226955
Rural Hall,36.2404158,-80.2933838,80.54927019,1.5898263
La Grange,35.3068293,-77.7880338,80.63223625,1.8491102
Scotland Neck,36.1296002,-77.4202475,81.02272331,1.4991622
Conetoe,35.8157136,-77.4558025,81.13550022,1.6724572
Parkton,34.9026635,-79.0116971,81.37602578,1.3192241
Hoffman,35.032378,-79.5475437,81.59513664,1.7253562
Hobgood,36.0295946,-77.3980465,82.30112437,1.5163322
Bethania,36.1823602,-80.3381077,82.60857927,1.5764946
Lumber Bridge,34.8884971,-79.0722541,82.7561204,1.3939475
Tobaccoville,36.2261575,-80.3416042,83.09978616,1.623788397
Badin,35.4059744,-80.1167203,84.11649019,1.9209364
Turkey,34.9923888,-78.183049,84.12490898,1.7685355
Seaboard,36.4901519,-77.4413634,84.52051326,1.838598
Hookerton,35.4251622,-77.5883039,84.75495764,1.9305072
King,36.275246,-80.36568613,84.88884319,1.696958833
Clemmons,36.0215258,-80.3819984,84.91675238,1.5706631
Bethel,35.8071029,-77.3788558,85.47859213,1.7580146
Ellerbe,35.0712608,-79.7614395,85.71440602,1.9003692
Vienna,36.1376379,-80.4019988,85.98837337,1.5956634
Warsaw,34.9993329,-78.091101,86.20692217,1.8535394
Wagram,34.8879397,-79.3661515,86.67922421,1.6884023
Lewisville,36.0970819,-80.4192216,86.88378876,1.5723302
Bermuda Run,36.0037477,-80.4219996,87.22637175,1.6284424
Mount Gilead,35.2148671,-80.0022784,87.26755095,1.9976018
Oak City,35.9637687,-77.3080209,87.66124306,1.6721837
New London,35.4431965,-80.2192225,87.66213915,1.9862165
St. Pauls,34.8070226,-78.9707787,87.75423218,1.3739466
Rennert,34.8143301,-79.0808661,87.887432,1.4767265
Richfield,35.4701406,-80.2578343,88.64625539,1.9978842
Lenoir,35.2590371,-77.6484879,88.76420839,2.0364483
Red Springs,34.815158,-79.1837649,88.81492906,1.5787974
Parmele,35.8165476,-77.3141317,88.88479355,1.813294
Lasker,36.3503041,-77.305728,89.23772994,1.8343856
Rich Square,36.2737186,-77.2845336,89.48697667,1.7789945
Misenheimer,35.4848625,-80.2883904,89.69027296,2.0137184
Hassell,35.907936,-77.2785755,89.75380424,1.7574618
Greenville,35.613224,-77.3724593,89.77699594,1.95829
Albemarle,35.3501426,-80.2000578,90.16925291,2.0601057
Winterville,35.5290511,-77.4010762,90.58115122,2.013846
Roxobel,36.2029338,-77.2452433,91.10523759,1.7475
Kinston,35.2626635,-77.5816353,91.54470954,2.0996745
Ayden,35.4726626,-77.4155203,91.57283776,2.0557904
Pilot Mountain,36.3401384,-80.4742242,91.62514547,1.8703893
Spencer,35.6920144,-80.4347596,91.88543143,1.9529357
East Spencer,35.6818059,-80.4322801,91.96373764,1.9606647
Norwood,35.2195898,-80.1189477,91.97151776,2.1095484
Kelford,36.1796007,-77.2235757,92.18780947,1.7458345
Kenansville,34.9623883,-77.9622069,92.22516148,2.0193781
Robersonville,35.8251589,-77.2491298,92.33826162,1.8696846
East Bend,36.216528,-80.512558,92.52720848,1.7851127
Tar Heel,34.7331708,-78.7904075,92.74961729,1.420395
Garland,34.785863,-78.39528951,92.90865424,1.762820792
Grifton,35.3978455,-77.43257499,93.23497037,2.113552815
Dobbins Heights,34.9048772,-79.6922771,93.25376636,1.9975904
Hamilton,35.9446027,-77.2096844,93.27961843,1.7896862
Magnolia,34.8965563,-78.0541545,93.40048929,1.9932625
Rockwell,35.5512508,-80.4064485,93.74757499,2.0653882
Woodland,36.3315434,-77.2127436,94.08325578,1.9086093
Granite Quarry,35.6123617,-80.4467263,94.29248101,2.0445551
Salisbury,35.6709727,-80.4742261,94.4387047,2.0134439
Hamlet,34.8848533,-79.6942758,94.5108498,2.019613
Pink Hill,35.0551639,-77.7463653,94.59059739,2.1424441
Lewiston Woodville,36.1229347,-77.1766291,94.62906463,1.7361151
Conway,36.4370974,-77.2288563,94.77918251,1.9980506
Simpson,35.5751619,-77.278573,95.65757758,2.0902384
Faith,35.587084,-80.4628385,95.75773951,2.085945
Mocksville,35.8940236,-80.5617846,95.80757824,1.8779515
Laurinburg,34.7740495,-79.4628248,95.91843565,1.8989658
Everetts,35.8348814,-77.1735714,96.37745291,1.9355205
Maxton,34.7351615,-79.3489317,96.42927175,1.8239607
Cooleemee,35.8104164,-80.5558942,96.46069768,1.9556683
Ansonville,35.1045943,-80.1092259,96.89717946,2.2148221
Pembroke,34.6801627,-79.1950373,98.06888638,1.7250651
Dublin,34.6568361,-78.726407,98.23181361,1.5607302
Severn,36.5151521,-77.1896894,98.36354018,2.1152722
Rose Hill,34.8282235,-78.0230417,98.37842006,2.0927081
Aulander,36.2296005,-77.1141282,98.56945694,1.9052818
Lilesville,34.9676535,-79.9845032,99.08259681,2.2270402
Mount Pleasant,35.399308,-80.4358963,99.8057691,2.2467788
Bear Grass,35.7662709,-77.1274582,99.8726749,2.0502442
Dover,35.216274,-77.436907,99.98566369,2.2907923
Gibson,34.7590477,-79.6106104,100.0892864,2.0617532
Harrells,34.727551,-78.20144639,100.3316595,2.014975913
Yadkinville,36.1345807,-80.6595079,100.3740818,1.8501153
Grimesland,35.5634956,-77.1921806,100.4819917,2.1882971
Beulaville,34.9237763,-77.7738667,100.5912342,2.2463303
Red Cross,35.2673659,-80.3556188,100.6476935,2.2984434
Lumberton,34.6183433,-79.0083993,100.8814381,1.6002465
Elizabethtown,34.6293372,-78.6052899,100.8940774,1.7093462
Oakboro,35.2257007,-80.3289521,101.0612538,2.3134419
White Lake,34.640449,-78.4838952,101.3746593,1.8196291
Mount Airy,36.4993297,-80.6071609,101.4099883,2.1625173
Greenevers,34.8223896,-77.9269273,101.4565179,2.1946564
Murfreesboro,36.4423754,-77.0985753,101.9041108,2.1336096
Teachey,34.7682241,-78.0080407,102.423575,2.1677085
Wadesboro,34.9681767,-80.07674,102.4386738,2.3187538
China Grove,35.569306,-80.5817318,102.4529303,2.2226163
Williamston,35.8546039,-77.0555114,102.6771225,2.033858
Boonville,36.2326362,-80.7081209,103.5085799,1.9967838
Locust,35.27267145,-80.43557137,104.2223305,2.373090416
Cleveland,35.7331953,-80.6770111,104.2631913,2.1540063
Landis,35.5456947,-80.6108998,104.5662897,2.2753956
Wallace,34.735724,-77.9952628,104.743831,2.2129865
Raynham,34.5766268,-79.1897486,105.03563,1.8233123
Morven,34.8640437,-80.0011724,105.2869752,2.3473192
Polkton,35.0076546,-80.2008947,105.2871957,2.4034306
Stanfield,35.2334772,-80.4270094,105.3007937,2.4037227
Hertford,36.3560545,-77.0115135,105.4304455,2.1343505
Dobson,36.3956891,-80.722567,105.95371,2.1742828
Bladenboro,34.5386768,-78.7875887,106.1504295,1.6177078
Ahoskie,36.2868223,-76.9846808,106.1957578,2.091951
McDonald,34.5541552,-79.175405,106.4261002,1.8314403
Cove City,35.1873837,-77.3207917,106.4632832,2.4357979
Chocowinity,35.5125955,-77.1009232,106.5534744,2.3304546
Kannapolis,35.4874708,-80.621438,106.6191789,2.3441577
Concord,35.4094178,-80.5800049,106.7223617,2.3807776
Harmony,35.9556911,-80.7717346,107.0229953,2.026234
McFarlan,34.8123776,-79.9758956,107.3119453,2.3737085
Windsor,35.9984925,-76.9460641,107.6978443,1.9994167
Como,36.5015414,-77.0094074,107.7335146,2.2819435
Askewville,36.1098801,-76.9399544,107.8512626,1.9597352
Peachland,34.993766,-80.2645069,108.5365594,2.4809314
Powellsville,36.225712,-76.9330114,108.6210167,2.0825101
Rowland,34.5365518,-79.2914306,108.8779907,1.9650693
Midland,35.2273656,-80.5006219,109.0063401,2.4834468
Washington Park,35.532663,-77.0324509,109.649294,2.3788594
Fairmont,34.4968311,-79.114202,109.8333276,1.8275614
Vanceboro,35.3084953,-77.1541195,109.9386567,2.4813585
Richlands,34.8993298,-77.5466343,110.1534411,2.4980092
Trenton,35.0636588,-77.3534758,110.2171446,2.5268387
Clarkton,34.4873922,-78.6561257,110.2364647,1.8004554
Winton,36.3957098,-76.9319035,110.2914985,2.2536158
Laurel Park,35.4067274,-80.65240472,110.4864299,2.455867821
Proctorville,34.4766061,-79.0363154,110.7491889,1.7698998
Cofield,36.3565436,-76.9099577,111.0193481,2.2363954
Jonesville,36.2393013,-80.8445152,111.1371482,2.1398432
Orrum,34.4658861,-79.0090289,111.3634994,1.7533333
Watha,34.6404453,-77.9608196,111.4771197,2.3427084
Elkin,36.2440516,-80.8507344,111.513107,2.1508127
Jamesville,35.8112719,-76.896616,111.9704871,2.2360854
Harrisburg,35.3258295,-80.6454979,112.6327317,2.5298589
Boardman,34.4390555,-78.949195,113.0184906,1.72033
Marshville,34.988486,-80.3670085,113.0409064,2.588713
Atkinson,34.5285008,-78.171107,113.7675477,2.2443655
Mooresville,35.5848596,-80.8100724,114.2524828,2.4354033
Unionville,35.0873694,-80.5089552,114.9236096,2.6317763
Statesville,35.7826363,-80.8872959,115.0957047,2.3148501
Troutman,35.7005832,-80.8882314,116.3349579,2.3978387
Ronda,36.218467,-80.9411859,116.4020275,2.2156796
Wingate,34.9843176,-80.4492319,116.7333044,2.6751048
Harrellsville,36.3026868,-76.7924773,116.9765017,2.300019
Colerain,36.201268,-76.7685616,117.661891,2.2225159
Burgaw,34.5521113,-77.926098,117.8042911,2.465764
Mint Hill,35.1735388,-80.6570377,118.4618361,2.6936894
Pollocksville,35.0059914,-77.2210654,118.5423391,2.7169165
Beaufort,35.469331,-76.8927522,118.5647219,2.5818901
Marietta,34.3690764,-79.1221944,118.6284594,1.9633085
Love Valley,35.9898553,-80.988132,118.9422813,2.2084672
Cornelius,35.481705,-80.8590006,119.205185,2.5874861
River Bend,35.0690481,-77.146896,119.2244356,2.7280292
Plymouth,35.8668281,-76.7485555,119.6012772,2.3285897
Hemby Bridge,35.109955,-80.63993747,120.0553221,2.740172967
St. Helena,34.5177355,-77.91838105,120.1225241,2.507856753
Huntersville,35.4108278,-80.8429304,120.1853031,2.6422931
Whiteville,34.3387802,-78.7030721,120.1923186,1.902121
Gatesville,36.4085245,-76.75316166,120.24667,2.44517234
Lake Park,35.0859691,-80.6355536,120.7899518,2.759775
East Arcadia,34.382113,-78.3233353,120.8243364,2.238525
Chadbourn,34.3221129,-78.8269664,121.0043851,1.794894
Cerro Gordo,34.3221121,-78.9264156,121.0302207,1.814494
Monroe,34.9854275,-80.5495112,121.0566348,2.7742742
Stallings,35.1083615,-80.66355902,121.2249679,2.765388022
Trent Woods,35.0821039,-77.0863383,121.4949535,2.7755311
Sandyfield,34.3765573,-78.2969455,121.5822009,2.2704705
Fair Bluff,34.3134996,-79.0372544,121.958551,1.9339453
New Bern,35.1084931,-77.0441143,122.4495643,2.7913659
Maysville,34.9048814,-77.2313436,122.6119654,2.8077483
Jacksonville,34.7494749,-77.4208221,122.6235056,2.7736763
Bath,35.4771094,-76.8116045,122.6529612,2.6552594
Indian Trail,35.0768141,-80.6692352,122.717073,2.8026116
Lake Waccamaw,34.3190578,-78.5000088,122.9588493,2.1249067
Bridgeton,35.1215489,-77.02078,123.0618086,2.8016444
Matthews,35.1159532,-80.7224386,123.7200864,2.8166759
Bolton,34.3207243,-78.4019497,123.9038721,2.2212993
Columbus,34.2814497,-78.666593,124.3040542,1.9959306
Charlotte,35.2272086,-80.8430827,125.6887216,2.8260646
Wesley Chapel,35.0070935,-80.6745131,125.7568244,2.8776101
Edenton,36.057938,-76.6077213,126.4663543,2.278314
Washington,35.8725573,-76.6215245,126.6216167,2.4498915
Roper,35.8779766,-76.6151847,126.9294595,2.450812
North Wilkesboro,36.1584651,-81.1475841,127.7061994,2.3620759
Northwest,34.3129464,-78.1611077,128.0042346,2.4699192
Pantego,35.5890535,-76.6621569,128.2684692,2.6927629
Mineral Springs,34.9379274,-80.6686791,128.3855285,2.9409422
Wilkesboro,36.145965,-81.1606401,128.4112252,2.3626318
Aurora,35.3054322,-76.7886736,128.4180536,2.8498675
Weddington,35.0223708,-80.7609035,129.1261582,2.9487232
Sparta,36.5055712,-81.1207497,129.2256426,2.6823476
Taylorsville,35.9219402,-81.1763421,129.8263167,2.4645924
Claremont,35.7145776,-81.1461917,130.2821286,2.6418046
Arlington,35.2693066,-80.9725736,130.8896308,2.9134575
Grantsboro,35.1406429,-76.84246,130.9864561,2.9608704
Belhaven,35.5401653,-76.6229874,131.3386531,2.7808206
Mount Holly,35.2976298,-81.0161686,132.2885708,2.9287293
Waxhaw,34.9248125,-80.7440174,132.31813,3.0293954
Pineville,35.0855409,-80.8871253,132.730267,3.0117749
Alliance,35.1448881,-76.8021556,132.8208783,2.9969296
Marvin,34.999287,-80.82109986,132.8389922,3.032003356
Tabor City,34.1487804,-78.8766916,132.9316802,1.9381017
Surf City,34.46505775,-77.57412315,133.0070233,2.904792397
Conover,35.7065004,-81.2184383,134.3730767,2.7221284
Catawba,35.6740563,-81.2107215,134.4188391,2.7468557
Bayboro,35.1429445,-76.7702093,134.4629079,3.0308195
Navassa,34.2554474,-78.0074906,134.6707383,2.6810353
Winfall,36.2190463,-76.46383,134.7321908,2.5450258
Stanley,35.3590256,-81.0970214,134.8011583,2.9481863
Belmont,35.2438272,-81.0377322,134.9713132,3.0040955
Newton,35.6630887,-81.2219363,135.2010412,2.7690381
Stonewall,35.1373893,-76.7477081,135.7621473,3.0588759
Arapahoe,35.0261537,-76.8255535,135.9238479,3.0922661
North Topsail Beach,34.4901665,-77.43163,136.1963457,3.0221768
Maiden,35.5766048,-81.2139216,136.2179616,2.8475073
Leland,34.2203056,-78.0335992,136.4176561,2.6900685
McAdenville,35.2593056,-81.0753535,136.4343634,3.0262384
Peletier,34.730404,-77.0844229,136.894193,3.1291464
Spencer Mountain,35.3069035,-81.11239437,136.9956339,3.015681373
Cramerton,35.2387504,-81.0750757,137.0261571,3.0465158
Topsail Beach,34.3651685,-77.6305293,137.1808578,2.9482755
Belville,34.22003155,-77.99384314,137.2299296,2.730098612
Swansboro,34.6896728,-77.1232174,137.2526662,3.1310831
Lowell,35.2679163,-81.1028542,137.5967547,3.0451284
Wilmington,34.2257282,-77.9447107,137.8919865,2.7735344
Havelock,34.8785,-76.9014457,138.242238,3.1640276
Vandemere,35.1840563,-76.6635394,138.4526378,3.0963776
Ranlo,35.2862489,-81.130355,138.4966568,3.0542966
Minnesott Beach,34.9687716,-76.8116033,138.7622419,3.1635984
Mesic,35.2004454,-76.6438169,138.9411895,3.099711
High Shoals,35.4026352,-81.2023016,139.2574402,3.0098569
Creswell,35.8697755,-76.39322567,139.3648521,2.680972128
Cedar Point,34.6876305,-77.0730745,139.3944035,3.1832683
Cape Carteret,34.6915509,-77.0630033,139.62121,3.1894191
Dallas,35.3160401,-81.1764865,140.0812646,3.0706369
Bogue,34.6993286,-77.0368913,140.3329417,3.2077534
Lincolnton,35.473745,-81.2545251,140.4422602,2.9909706
Hickory,35.7333312,-81.3442915,140.9648933,2.8211508
Gaston,35.2849659,-81.179014,141.0517493,3.1042386
Brookford,35.7031879,-81.3478641,141.5520098,2.8548667
Emerald Isle,34.6653135,-77.0382187,141.8914315,3.2404411
Gastonia,35.2622654,-81.1838186,141.9299204,3.1317437
Oriental,35.0312553,-76.6926676,142.1317548,3.2200504
Wrightsville Beach,34.2079917,-77.7955907,142.4123118,2.9403909
Long View,35.7218779,-81.38553836,143.3886671,2.873850957
Brunswick,34.0718195,-78.1914215,143.4362387,2.6807323
Newport,34.7865497,-76.8591057,144.0412871,3.2983179
Bolivia,34.0676715,-78.1483283,144.3816199,2.7279735
Granite Falls,35.7965205,-81.4306458,145.0403416,2.8443158
Rhodhiss,35.767473,-81.43184663,145.4135206,2.874564132
Hildebran,35.7140208,-81.4220334,145.5052251,2.9182031
Bessemer City,35.284733,-81.283906,146.5152176,3.2093635
Indian Beach,34.6865508,-76.8952181,146.9000105,3.3622044
Columbia,35.9176633,-76.2521521,146.9031913,2.7741579
Sawmills,35.8245638,-81.4741107,147.1890523,2.8597374
Jefferson,36.420403,-81.4734376,147.4793077,2.9498673
Shallotte,33.9732275,-78.3858371,147.572896,2.5849087
Boiling Spring Lakes,34.0313504,-78.0672677,148.1280957,2.8453552
Hudson,35.8484645,-81.4959267,148.1971243,2.8576527
West Jefferson,36.4037364,-81.4928829,148.3878784,2.952646
Elizabeth City,36.2956836,-76.2247697,148.438489,2.8607234
Cherryville,35.3787442,-81.3789739,149.1973273,3.2104202
Connelly Springs,35.7399645,-81.5029788,149.6682085,2.9732048
Pine Knoll Shores,34.6973838,-76.8132697,149.9550597,3.4333198
Lansing,36.4993936,-81.5109852,150.4342835,3.0664055
Kings Mountain,35.2450607,-81.3410516,150.5548188,3.3061814
Cajah's Mountain,35.847194,-81.53906535,150.6117689,2.902061853
Rutherford College,35.7501398,-81.5247859,150.7606455,2.9848366
Carolina Shores,33.9010054,-78.5805673,150.8848685,2.4624006
Carolina Beach,34.0351727,-77.8935966,151.1842876,3.015204
Calabash,33.8907278,-78.5683446,151.6650956,2.4849009
Varnamtown,33.9357283,-78.2486091,151.7222584,2.7596359
Waco,35.36172,-81.428486,152.2248452,3.2769565
Ocean Isle Beach,33.8943393,-78.426672,152.5257294,2.622962
Holden Beach,33.9135061,-78.3038892,152.5267885,2.726578
Morehead City,34.7229391,-76.7260436,152.6952366,3.4949906
Sunset Beach,33.880728,-78.512231,152.7367792,2.5510143
Valdese,35.7431562,-81.5633738,152.978969,3.0304081
Atlantic Beach,34.6990505,-76.7402108,153.0934112,3.504712
Kure Beach,33.9968399,-77.9072081,153.3763391,3.0399253
Gamewell,35.8692971,-81.5962082,153.6262554,2.9371016
St. James,33.9293402,-78.1163822,154.0521158,2.8982509
Camden,36.3106247,-76.1150606,154.6287316,2.9853736
Fallston,35.4284117,-81.5014757,154.6627304,3.2832545
Belwood,35.477076,-81.523424,154.8708636,3.2565385
Drexel,35.7579081,-81.6042614,155.0847082,3.0565438
Southport,33.921563,-78.0202677,156.1570277,3.0021426
Oak Island,33.9046184,-78.0827699,156.2241712,2.956585
Boone,36.2165362,-81.6746158,157.2995983,2.9471787
Caswell Beach,33.8960076,-78.051102,157.312841,2.9968637
Blowing Rock,36.1350245,-81.6777907,157.3150828,2.8688419
Grover,35.1745756,-81.4498097,158.1360912,3.4854246
Lawndale,35.4140187,-81.5631474,158.2801362,3.3593192
Casar,35.5123517,-81.6173159,159.3154311,3.3151547
Shelby,35.2923513,-81.5356463,159.5549485,3.4534855
Morganton,35.7454291,-81.6870837,159.8166339,3.1518451
Patterson Springs,35.235407,-81.5145344,159.8704042,3.4893179
Bald Head Island,33.8598511,-77.9895326,160.7463528,3.0945896
Zionville,36.3348472,-81.7431667,161.6970563,3.1340406
Earl,35.1934623,-81.5331467,161.9482273,3.5498749
Kingstown,35.3512389,-81.612316,162.2672807,3.4712676
Polkville,35.4176278,-81.6428725,162.5016165,3.4354352
Seven Devils,36.1559724,-81.7996604,164.1505555,3.0116595
Glen Alpine,35.7290168,-81.7792661,165.1121431,3.2604398
Lattimore,35.3181818,-81.6606513,165.5909241,3.55266
Grandfather,36.0990163,-81.8476114,166.8096849,3.0026544
Boiling Springs,35.254292,-81.6670407,167.4314338,3.6229392
Mooresboro,35.2987362,-81.6989863,168.0789069,3.6104406
Banner Elk,36.1631818,-81.8715019,168.1760573,3.0907104
Sugar Mountain,36.124571,-81.8756682,168.3773514,3.0562659
Ellenboro,35.3287949,-81.7587106,170.5984709,3.6401062
Newland,36.0873484,-81.9273363,171.2780387,3.0707114
Crossnore,36.0217938,-81.9295579,171.5143715,3.1179546
Bostic,35.362623,-81.835657,174.0194095,3.6832245
Duck,36.1700137,-75.7559261,174.1303837,3.2038971
Elk Park,36.1573464,-81.9781722,174.1320562,3.1915453
Southern Shores,36.1390533,-75.7315719,175.4610857,3.1972909
Forest City,35.3340108,-81.8651028,176.199705,3.7412825
Kitty Hawk,36.0664318,-75.6935448,177.6195625,3.1839967
Marion,35.6841022,-82.0091028,178.3690848,3.5351911
Kill Devil Hills,36.0321186,-75.6776147,178.5752679,3.23424
Spindale,35.3601212,-81.929271,179.1229855,3.7793403
Manteo,35.9082257,-75.6757303,179.1722404,3.3600173
Spruce Pine,35.9147787,-82.066411,179.6034173,3.3618228
Ruth,35.3820659,-81.9470489,179.6517036,3.7751735
Rutherfordton,35.3692877,-81.9567716,180.4279895,3.7976744
Wanchese,35.8426729,-75.6385055,181.6739866,3.4627949
Nags Head,35.9573923,-75.624062,181.8192541,3.362519
Bakersville,36.0156735,-82.1587351,184.3577101,3.3532521
Old Fort,35.6290093,-82.1806697,188.5366681,3.7618509
Burnsville,35.9172243,-82.2996695,192.6341733,3.5926357
Lake Lure,35.4278969,-82.2048343,192.8453715,3.9871279
Montreat,35.6442841,-82.3028972,195.1246223,3.8688036
Chimney Rock,35.4327295,-82.2503096,195.2501545,4.0277706
Walkertown,35.6534497,-82.3390098,197.0217604,3.8957506
Black Mountain,35.6122025,-82.3316874,197.1074128,3.929675398
Beech Mountain,36.0162211,-82.4062455,198.2093628,3.6002149
Tryon,35.2081695,-82.2384479,198.9591871,4.2404689
Fairview,35.52218955,-82.39268284,201.680366,4.080683793
Saluda,35.2382805,-82.34565686,204.0869416,4.31756686
Mars Hill,35.8263793,-82.5486848,207.1084211,3.932496
Hendersonville,35.3187279,-82.4609528,208.7609217,4.3524154
Weaverville,35.6967238,-82.5603625,208.8617315,4.0738292
Biltmore Forest,35.5337246,-82.5284561,209.0129538,4.204922
Fletcher,35.4306712,-82.5012316,209.0366092,4.2807509
Asheville,35.6009498,-82.5540161,209.5638692,4.1632568
Woodfin,35.633444,-82.5820725,210.7407242,4.158819
Mills River,35.3963951,-82.5734951,213.5555371,4.3872905
Marshall,35.7974807,-82.6839313,214.8716194,4.0966411
Madison,35.8482034,-82.6931063,215.0308935,4.0550934
Cedar Rock,35.1798384,-82.6340135,220.8599768,4.6643656
Seven Springs,35.2462256,-82.6834572,222.2243488,4.6474221
Hot Springs,35.8923253,-82.8290318,222.3718685,4.146897
Brevard,35.2334472,-82.7342919,225.230946,4.7110352
Canton,35.5328838,-82.8373558,226.1093204,4.5146625
Clyde,35.5334379,-82.910691,230.1640535,4.5874436
Rosman,35.1436895,-82.8220186,231.7627585,4.8885196
Waynesville,35.4887476,-82.9888725,235.0720491,4.7103154
Maggie Valley,35.5181575,-83.0976419,240.7159427,4.7896749
Jackson,35.2962391,-83.1388055,246.2113947,5.0527569
Forest Hills,35.297322,-83.1934785,249.1945396,5.106347
Sylva,35.3737111,-83.2259803,249.7905036,5.0624597
Webster,35.346211,-83.2193132,249.8393201,5.0832927
Dillsboro,35.3700615,-83.2506638,251.2057379,5.0907928
Highlands,35.0525909,-83.1968173,253.9040444,5.3544169
Bryson City,35.4309291,-83.447381,261.2168684,5.2266424
Macon,35.1436639,-83.3977297,263.0467758,5.4642563
Robbinsville,35.3227597,-83.8069988,282.6066344,5.6944296
Lake Santeetlah,35.364846,-83.8620868,285.0650778,5.7074313
Andrews,35.2017495,-83.8240676,285.4018574,5.8325086
Hayesville,35.0462349,-83.817935,287.7839867,5.9818906
Murphy,35.0875836,-84.0346315,298.8886768,6.1572384